<?xml version="1.0" encoding="UTF-8"?>
<project-private xmlns="http://www.netbeans.org/ns/project-private/1">
    <editor-bookmarks xmlns="http://www.netbeans.org/ns/editor-bookmarks/2" lastBookmarkId="0"/>
    <open-files xmlns="http://www.netbeans.org/ns/projectui-open-files/2">
        <group>
            <file>file:/D:/NetworkTool/src/ViewScreen.java</file>
            <file>file:/D:/NetworkTool/src/Explore.java</file>
            <file>file:/D:/NetworkTool/src/Compare2.java</file>
            <file>file:/D:/NetworkTool/src/SinglePanel.java</file>
            <file>file:/D:/NetworkTool/src/Compare.java</file>
            <file>file:/D:/NetworkTool/src/MainController.java</file>
            <file>file:/D:/NetworkTool/src/PcInfo.java</file>
            <file>file:/D:/NetworkTool/src/credentials.java</file>
            <file>file:/D:/NetworkTool/src/ServerFrame.java</file>
            <file>file:/D:/NetworkTool/src/SplashScreenController.java</file>
            <file>file:/D:/NetworkTool/src/SinglePanel2.java</file>
            <file>file:/D:/NetworkTool/src/ServerSplashScreen.java</file>
        </group>
    </open-files>
</project-private>
